{
    "variable": [
        {
            "id": "baseUrl",
            "key": "baseUrl",
            "type": "string",
            "name": "string",
            "value": "http:\/\/localhost"
        }
    ],
    "info": {
        "name": "Laravel API Documentation",
        "_postman_id": "124e06c6-17ac-4d7f-a10b-407178b229ab",
        "description": "",
        "schema": "https:\/\/schema.getpostman.com\/json\/collection\/v2.1.0\/collection.json"
    },
    "item": [
        {
            "name": "Endpoints",
            "description": "",
            "item": [
                {
                    "name": "GET api\/user",
                    "request": {
                        "url": {
                            "host": "{{baseUrl}}",
                            "path": "api\/user",
                            "query": [],
                            "raw": "{{baseUrl}}\/api\/user"
                        },
                        "method": "GET",
                        "header": [
                            {
                                "key": "Content-Type",
                                "value": "application\/json"
                            },
                            {
                                "key": "Accept",
                                "value": "application\/json"
                            }
                        ],
                        "body": null,
                        "description": "",
                        "auth": {
                            "type": "noauth"
                        }
                    },
                    "response": [
                        {
                            "header": [
                                {
                                    "key": "cache-control",
                                    "value": "no-cache, private"
                                },
                                {
                                    "key": "content-type",
                                    "value": "application\/json"
                                },
                                {
                                    "key": "access-control-allow-origin",
                                    "value": "*"
                                }
                            ],
                            "code": 401,
                            "body": "{\"message\":\"Unauthenticated.\"}",
                            "name": ""
                        }
                    ]
                },
                {
                    "name": "POST api\/orders",
                    "request": {
                        "url": {
                            "host": "{{baseUrl}}",
                            "path": "api\/orders",
                            "query": [],
                            "raw": "{{baseUrl}}\/api\/orders"
                        },
                        "method": "POST",
                        "header": [
                            {
                                "key": "Content-Type",
                                "value": "application\/json"
                            },
                            {
                                "key": "Accept",
                                "value": "application\/json"
                            }
                        ],
                        "body": {
                            "mode": "raw",
                            "raw": "{\"user_id\":\"consequatur\",\"total\":11613.31890586,\"shipping_fee\":11613.31890586,\"status\":\"consequatur\",\"items\":[{\"product_id\":\"consequatur\",\"quantity\":45}]}"
                        },
                        "description": "",
                        "auth": {
                            "type": "noauth"
                        }
                    },
                    "response": []
                },
                {
                    "name": "Cancel the specified order.",
                    "request": {
                        "url": {
                            "host": "{{baseUrl}}",
                            "path": "api\/orders\/:id\/cancel",
                            "query": [],
                            "raw": "{{baseUrl}}\/api\/orders\/:id\/cancel",
                            "variable": [
                                {
                                    "id": "id",
                                    "key": "id",
                                    "value": "consequatur",
                                    "description": "The ID of the order."
                                }
                            ]
                        },
                        "method": "POST",
                        "header": [
                            {
                                "key": "Content-Type",
                                "value": "application\/json"
                            },
                            {
                                "key": "Accept",
                                "value": "application\/json"
                            }
                        ],
                        "body": null,
                        "description": "",
                        "auth": {
                            "type": "noauth"
                        }
                    },
                    "response": []
                },
                {
                    "name": "Display the specified cart.",
                    "request": {
                        "url": {
                            "host": "{{baseUrl}}",
                            "path": "api\/carts\/:id",
                            "query": [],
                            "raw": "{{baseUrl}}\/api\/carts\/:id",
                            "variable": [
                                {
                                    "id": "id",
                                    "key": "id",
                                    "value": "consequatur",
                                    "description": "The ID of the cart."
                                }
                            ]
                        },
                        "method": "GET",
                        "header": [
                            {
                                "key": "Content-Type",
                                "value": "application\/json"
                            },
                            {
                                "key": "Accept",
                                "value": "application\/json"
                            }
                        ],
                        "body": null,
                        "description": "",
                        "auth": {
                            "type": "noauth"
                        }
                    },
                    "response": [
                        {
                            "header": [
                                {
                                    "key": "cache-control",
                                    "value": "no-cache, private"
                                },
                                {
                                    "key": "content-type",
                                    "value": "application\/json"
                                },
                                {
                                    "key": "x-ratelimit-limit",
                                    "value": "60"
                                },
                                {
                                    "key": "x-ratelimit-remaining",
                                    "value": "59"
                                },
                                {
                                    "key": "access-control-allow-origin",
                                    "value": "*"
                                }
                            ],
                            "code": 404,
                            "body": "{\n    \"message\": \"No query results for model [App\\\\Models\\\\Cart] consequatur\"\n}",
                            "name": ""
                        }
                    ]
                },
                {
                    "name": "Display the specified order summary.",
                    "request": {
                        "url": {
                            "host": "{{baseUrl}}",
                            "path": "api\/orders\/:id",
                            "query": [],
                            "raw": "{{baseUrl}}\/api\/orders\/:id",
                            "variable": [
                                {
                                    "id": "id",
                                    "key": "id",
                                    "value": "consequatur",
                                    "description": "The ID of the order."
                                }
                            ]
                        },
                        "method": "GET",
                        "header": [
                            {
                                "key": "Content-Type",
                                "value": "application\/json"
                            },
                            {
                                "key": "Accept",
                                "value": "application\/json"
                            }
                        ],
                        "body": null,
                        "description": "",
                        "auth": {
                            "type": "noauth"
                        }
                    },
                    "response": [
                        {
                            "header": [
                                {
                                    "key": "cache-control",
                                    "value": "no-cache, private"
                                },
                                {
                                    "key": "content-type",
                                    "value": "application\/json"
                                },
                                {
                                    "key": "x-ratelimit-limit",
                                    "value": "60"
                                },
                                {
                                    "key": "x-ratelimit-remaining",
                                    "value": "58"
                                },
                                {
                                    "key": "access-control-allow-origin",
                                    "value": "*"
                                }
                            ],
                            "code": 404,
                            "body": "{\n    \"message\": \"No query results for model [App\\\\Models\\\\Order] consequatur\"\n}",
                            "name": ""
                        }
                    ]
                },
                {
                    "name": "Display the specified order receipt.",
                    "request": {
                        "url": {
                            "host": "{{baseUrl}}",
                            "path": "api\/orders\/:id\/receipt",
                            "query": [],
                            "raw": "{{baseUrl}}\/api\/orders\/:id\/receipt",
                            "variable": [
                                {
                                    "id": "id",
                                    "key": "id",
                                    "value": "17",
                                    "description": "The ID of the order."
                                }
                            ]
                        },
                        "method": "GET",
                        "header": [
                            {
                                "key": "Content-Type",
                                "value": "application\/json"
                            },
                            {
                                "key": "Accept",
                                "value": "application\/json"
                            }
                        ],
                        "body": null,
                        "description": "",
                        "auth": {
                            "type": "noauth"
                        }
                    },
                    "response": [
                        {
                            "header": [
                                {
                                    "key": "cache-control",
                                    "value": "no-cache, private"
                                },
                                {
                                    "key": "content-type",
                                    "value": "application\/json"
                                },
                                {
                                    "key": "x-ratelimit-limit",
                                    "value": "60"
                                },
                                {
                                    "key": "x-ratelimit-remaining",
                                    "value": "57"
                                },
                                {
                                    "key": "access-control-allow-origin",
                                    "value": "*"
                                }
                            ],
                            "code": 404,
                            "body": "{\n    \"message\": \"No query results for model [App\\\\Models\\\\Order] 17\"\n}",
                            "name": ""
                        }
                    ]
                },
                {
                    "name": "Display the tracking information for the specified order.",
                    "request": {
                        "url": {
                            "host": "{{baseUrl}}",
                            "path": "api\/orders\/:id\/track",
                            "query": [],
                            "raw": "{{baseUrl}}\/api\/orders\/:id\/track",
                            "variable": [
                                {
                                    "id": "id",
                                    "key": "id",
                                    "value": "17",
                                    "description": "The ID of the order."
                                }
                            ]
                        },
                        "method": "GET",
                        "header": [
                            {
                                "key": "Content-Type",
                                "value": "application\/json"
                            },
                            {
                                "key": "Accept",
                                "value": "application\/json"
                            }
                        ],
                        "body": null,
                        "description": "",
                        "auth": {
                            "type": "noauth"
                        }
                    },
                    "response": [
                        {
                            "header": [
                                {
                                    "key": "cache-control",
                                    "value": "no-cache, private"
                                },
                                {
                                    "key": "content-type",
                                    "value": "application\/json"
                                },
                                {
                                    "key": "x-ratelimit-limit",
                                    "value": "60"
                                },
                                {
                                    "key": "x-ratelimit-remaining",
                                    "value": "56"
                                },
                                {
                                    "key": "access-control-allow-origin",
                                    "value": "*"
                                }
                            ],
                            "code": 404,
                            "body": "{\n    \"message\": \"No query results for model [App\\\\Models\\\\Order] 17\"\n}",
                            "name": ""
                        }
                    ]
                },
                {
                    "name": "Display a listing of the orders for a specific user.",
                    "request": {
                        "url": {
                            "host": "{{baseUrl}}",
                            "path": "api\/users\/:userId\/orders",
                            "query": [],
                            "raw": "{{baseUrl}}\/api\/users\/:userId\/orders",
                            "variable": [
                                {
                                    "id": "userId",
                                    "key": "userId",
                                    "value": "consequatur",
                                    "description": ""
                                }
                            ]
                        },
                        "method": "GET",
                        "header": [
                            {
                                "key": "Content-Type",
                                "value": "application\/json"
                            },
                            {
                                "key": "Accept",
                                "value": "application\/json"
                            }
                        ],
                        "body": null,
                        "description": "",
                        "auth": {
                            "type": "noauth"
                        }
                    },
                    "response": [
                        {
                            "header": [
                                {
                                    "key": "cache-control",
                                    "value": "no-cache, private"
                                },
                                {
                                    "key": "content-type",
                                    "value": "application\/json"
                                },
                                {
                                    "key": "x-ratelimit-limit",
                                    "value": "60"
                                },
                                {
                                    "key": "x-ratelimit-remaining",
                                    "value": "55"
                                },
                                {
                                    "key": "access-control-allow-origin",
                                    "value": "*"
                                }
                            ],
                            "code": 200,
                            "body": "[]",
                            "name": ""
                        }
                    ]
                },
                {
                    "name": "Make a payment using Paystack.",
                    "request": {
                        "url": {
                            "host": "{{baseUrl}}",
                            "path": "api\/payments",
                            "query": [],
                            "raw": "{{baseUrl}}\/api\/payments"
                        },
                        "method": "POST",
                        "header": [
                            {
                                "key": "Content-Type",
                                "value": "application\/json"
                            },
                            {
                                "key": "Accept",
                                "value": "application\/json"
                            }
                        ],
                        "body": {
                            "mode": "raw",
                            "raw": "{\"email\":\"qkunze@example.com\",\"amount\":51}"
                        },
                        "description": "",
                        "auth": {
                            "type": "noauth"
                        }
                    },
                    "response": []
                },
                {
                    "name": "Handle Paystack payment callback.",
                    "request": {
                        "url": {
                            "host": "{{baseUrl}}",
                            "path": "api\/payments\/callback",
                            "query": [],
                            "raw": "{{baseUrl}}\/api\/payments\/callback"
                        },
                        "method": "GET",
                        "header": [
                            {
                                "key": "Content-Type",
                                "value": "application\/json"
                            },
                            {
                                "key": "Accept",
                                "value": "application\/json"
                            }
                        ],
                        "body": null,
                        "description": "",
                        "auth": {
                            "type": "noauth"
                        }
                    },
                    "response": [
                        {
                            "header": [
                                {
                                    "key": "cache-control",
                                    "value": "no-cache, private"
                                },
                                {
                                    "key": "content-type",
                                    "value": "application\/json"
                                },
                                {
                                    "key": "x-ratelimit-limit",
                                    "value": "60"
                                },
                                {
                                    "key": "x-ratelimit-remaining",
                                    "value": "54"
                                },
                                {
                                    "key": "access-control-allow-origin",
                                    "value": "*"
                                }
                            ],
                            "code": 500,
                            "body": "{\n    \"message\": \"Server Error\"\n}",
                            "name": ""
                        }
                    ]
                },
                {
                    "name": "Display a listing of the payment records.",
                    "request": {
                        "url": {
                            "host": "{{baseUrl}}",
                            "path": "api\/payments",
                            "query": [],
                            "raw": "{{baseUrl}}\/api\/payments"
                        },
                        "method": "GET",
                        "header": [
                            {
                                "key": "Content-Type",
                                "value": "application\/json"
                            },
                            {
                                "key": "Accept",
                                "value": "application\/json"
                            }
                        ],
                        "body": null,
                        "description": "",
                        "auth": {
                            "type": "noauth"
                        }
                    },
                    "response": [
                        {
                            "header": [
                                {
                                    "key": "cache-control",
                                    "value": "no-cache, private"
                                },
                                {
                                    "key": "content-type",
                                    "value": "application\/json"
                                },
                                {
                                    "key": "x-ratelimit-limit",
                                    "value": "60"
                                },
                                {
                                    "key": "x-ratelimit-remaining",
                                    "value": "53"
                                },
                                {
                                    "key": "access-control-allow-origin",
                                    "value": "*"
                                }
                            ],
                            "code": 500,
                            "body": "{\n    \"message\": \"Server Error\"\n}",
                            "name": ""
                        }
                    ]
                },
                {
                    "name": "Fund the user's wallet.",
                    "request": {
                        "url": {
                            "host": "{{baseUrl}}",
                            "path": "api\/wallets\/fund",
                            "query": [],
                            "raw": "{{baseUrl}}\/api\/wallets\/fund"
                        },
                        "method": "POST",
                        "header": [
                            {
                                "key": "Content-Type",
                                "value": "application\/json"
                            },
                            {
                                "key": "Accept",
                                "value": "application\/json"
                            }
                        ],
                        "body": {
                            "mode": "raw",
                            "raw": "{\"user_id\":\"consequatur\",\"amount\":45}"
                        },
                        "description": "",
                        "auth": {
                            "type": "noauth"
                        }
                    },
                    "response": []
                },
                {
                    "name": "GET api\/orders",
                    "request": {
                        "url": {
                            "host": "{{baseUrl}}",
                            "path": "api\/orders",
                            "query": [],
                            "raw": "{{baseUrl}}\/api\/orders"
                        },
                        "method": "GET",
                        "header": [
                            {
                                "key": "Content-Type",
                                "value": "application\/json"
                            },
                            {
                                "key": "Accept",
                                "value": "application\/json"
                            }
                        ],
                        "body": null,
                        "description": "",
                        "auth": {
                            "type": "noauth"
                        }
                    },
                    "response": [
                        {
                            "header": [
                                {
                                    "key": "cache-control",
                                    "value": "no-cache, private"
                                },
                                {
                                    "key": "content-type",
                                    "value": "application\/json"
                                },
                                {
                                    "key": "x-ratelimit-limit",
                                    "value": "60"
                                },
                                {
                                    "key": "x-ratelimit-remaining",
                                    "value": "52"
                                },
                                {
                                    "key": "access-control-allow-origin",
                                    "value": "*"
                                }
                            ],
                            "code": 200,
                            "body": "[]",
                            "name": ""
                        }
                    ]
                },
                {
                    "name": "PUT api\/orders\/{id}",
                    "request": {
                        "url": {
                            "host": "{{baseUrl}}",
                            "path": "api\/orders\/:id",
                            "query": [],
                            "raw": "{{baseUrl}}\/api\/orders\/:id",
                            "variable": [
                                {
                                    "id": "id",
                                    "key": "id",
                                    "value": "17",
                                    "description": "The ID of the order."
                                }
                            ]
                        },
                        "method": "PUT",
                        "header": [
                            {
                                "key": "Content-Type",
                                "value": "application\/json"
                            },
                            {
                                "key": "Accept",
                                "value": "application\/json"
                            }
                        ],
                        "body": null,
                        "description": "",
                        "auth": {
                            "type": "noauth"
                        }
                    },
                    "response": []
                },
                {
                    "name": "DELETE api\/orders\/{id}",
                    "request": {
                        "url": {
                            "host": "{{baseUrl}}",
                            "path": "api\/orders\/:id",
                            "query": [],
                            "raw": "{{baseUrl}}\/api\/orders\/:id",
                            "variable": [
                                {
                                    "id": "id",
                                    "key": "id",
                                    "value": "17",
                                    "description": "The ID of the order."
                                }
                            ]
                        },
                        "method": "DELETE",
                        "header": [
                            {
                                "key": "Content-Type",
                                "value": "application\/json"
                            },
                            {
                                "key": "Accept",
                                "value": "application\/json"
                            }
                        ],
                        "body": null,
                        "description": "",
                        "auth": {
                            "type": "noauth"
                        }
                    },
                    "response": []
                },
                {
                    "name": "Display a listing of the franchises.",
                    "request": {
                        "url": {
                            "host": "{{baseUrl}}",
                            "path": "api\/franchises",
                            "query": [],
                            "raw": "{{baseUrl}}\/api\/franchises"
                        },
                        "method": "GET",
                        "header": [
                            {
                                "key": "Content-Type",
                                "value": "application\/json"
                            },
                            {
                                "key": "Accept",
                                "value": "application\/json"
                            }
                        ],
                        "body": null,
                        "description": "",
                        "auth": {
                            "type": "noauth"
                        }
                    },
                    "response": [
                        {
                            "header": [
                                {
                                    "key": "cache-control",
                                    "value": "no-cache, private"
                                },
                                {
                                    "key": "content-type",
                                    "value": "application\/json"
                                },
                                {
                                    "key": "x-ratelimit-limit",
                                    "value": "60"
                                },
                                {
                                    "key": "x-ratelimit-remaining",
                                    "value": "51"
                                },
                                {
                                    "key": "access-control-allow-origin",
                                    "value": "*"
                                }
                            ],
                            "code": 500,
                            "body": "{\n    \"message\": \"Server Error\"\n}",
                            "name": ""
                        }
                    ]
                },
                {
                    "name": "GET api\/users",
                    "request": {
                        "url": {
                            "host": "{{baseUrl}}",
                            "path": "api\/users",
                            "query": [],
                            "raw": "{{baseUrl}}\/api\/users"
                        },
                        "method": "GET",
                        "header": [
                            {
                                "key": "Content-Type",
                                "value": "application\/json"
                            },
                            {
                                "key": "Accept",
                                "value": "application\/json"
                            }
                        ],
                        "body": null,
                        "description": "",
                        "auth": {
                            "type": "noauth"
                        }
                    },
                    "response": [
                        {
                            "header": [
                                {
                                    "key": "cache-control",
                                    "value": "no-cache, private"
                                },
                                {
                                    "key": "content-type",
                                    "value": "application\/json"
                                },
                                {
                                    "key": "x-ratelimit-limit",
                                    "value": "60"
                                },
                                {
                                    "key": "x-ratelimit-remaining",
                                    "value": "50"
                                },
                                {
                                    "key": "access-control-allow-origin",
                                    "value": "*"
                                }
                            ],
                            "code": 200,
                            "body": "[]",
                            "name": ""
                        }
                    ]
                },
                {
                    "name": "PUT api\/users\/{id}",
                    "request": {
                        "url": {
                            "host": "{{baseUrl}}",
                            "path": "api\/users\/:id",
                            "query": [],
                            "raw": "{{baseUrl}}\/api\/users\/:id",
                            "variable": [
                                {
                                    "id": "id",
                                    "key": "id",
                                    "value": "17",
                                    "description": "The ID of the user."
                                }
                            ]
                        },
                        "method": "PUT",
                        "header": [
                            {
                                "key": "Content-Type",
                                "value": "application\/json"
                            },
                            {
                                "key": "Accept",
                                "value": "application\/json"
                            }
                        ],
                        "body": null,
                        "description": "",
                        "auth": {
                            "type": "noauth"
                        }
                    },
                    "response": []
                },
                {
                    "name": "PATCH api\/users\/{id}\/toggle-status",
                    "request": {
                        "url": {
                            "host": "{{baseUrl}}",
                            "path": "api\/users\/:id\/toggle-status",
                            "query": [],
                            "raw": "{{baseUrl}}\/api\/users\/:id\/toggle-status",
                            "variable": [
                                {
                                    "id": "id",
                                    "key": "id",
                                    "value": "17",
                                    "description": "The ID of the user."
                                }
                            ]
                        },
                        "method": "PATCH",
                        "header": [
                            {
                                "key": "Content-Type",
                                "value": "application\/json"
                            },
                            {
                                "key": "Accept",
                                "value": "application\/json"
                            }
                        ],
                        "body": null,
                        "description": "",
                        "auth": {
                            "type": "noauth"
                        }
                    },
                    "response": []
                },
                {
                    "name": "DELETE api\/users\/{id}",
                    "request": {
                        "url": {
                            "host": "{{baseUrl}}",
                            "path": "api\/users\/:id",
                            "query": [],
                            "raw": "{{baseUrl}}\/api\/users\/:id",
                            "variable": [
                                {
                                    "id": "id",
                                    "key": "id",
                                    "value": "17",
                                    "description": "The ID of the user."
                                }
                            ]
                        },
                        "method": "DELETE",
                        "header": [
                            {
                                "key": "Content-Type",
                                "value": "application\/json"
                            },
                            {
                                "key": "Accept",
                                "value": "application\/json"
                            }
                        ],
                        "body": null,
                        "description": "",
                        "auth": {
                            "type": "noauth"
                        }
                    },
                    "response": []
                },
                {
                    "name": "GET api\/settings",
                    "request": {
                        "url": {
                            "host": "{{baseUrl}}",
                            "path": "api\/settings",
                            "query": [],
                            "raw": "{{baseUrl}}\/api\/settings"
                        },
                        "method": "GET",
                        "header": [
                            {
                                "key": "Content-Type",
                                "value": "application\/json"
                            },
                            {
                                "key": "Accept",
                                "value": "application\/json"
                            }
                        ],
                        "body": null,
                        "description": "",
                        "auth": {
                            "type": "noauth"
                        }
                    },
                    "response": [
                        {
                            "header": [
                                {
                                    "key": "cache-control",
                                    "value": "no-cache, private"
                                },
                                {
                                    "key": "content-type",
                                    "value": "application\/json"
                                },
                                {
                                    "key": "x-ratelimit-limit",
                                    "value": "60"
                                },
                                {
                                    "key": "x-ratelimit-remaining",
                                    "value": "49"
                                },
                                {
                                    "key": "access-control-allow-origin",
                                    "value": "*"
                                }
                            ],
                            "code": 500,
                            "body": "{\n    \"message\": \"Server Error\"\n}",
                            "name": ""
                        }
                    ]
                },
                {
                    "name": "POST api\/settings",
                    "request": {
                        "url": {
                            "host": "{{baseUrl}}",
                            "path": "api\/settings",
                            "query": [],
                            "raw": "{{baseUrl}}\/api\/settings"
                        },
                        "method": "POST",
                        "header": [
                            {
                                "key": "Content-Type",
                                "value": "application\/json"
                            },
                            {
                                "key": "Accept",
                                "value": "application\/json"
                            }
                        ],
                        "body": null,
                        "description": "",
                        "auth": {
                            "type": "noauth"
                        }
                    },
                    "response": []
                },
                {
                    "name": "GET api\/categories",
                    "request": {
                        "url": {
                            "host": "{{baseUrl}}",
                            "path": "api\/categories",
                            "query": [],
                            "raw": "{{baseUrl}}\/api\/categories"
                        },
                        "method": "GET",
                        "header": [
                            {
                                "key": "Content-Type",
                                "value": "application\/json"
                            },
                            {
                                "key": "Accept",
                                "value": "application\/json"
                            }
                        ],
                        "body": null,
                        "description": "",
                        "auth": {
                            "type": "noauth"
                        }
                    },
                    "response": [
                        {
                            "header": [
                                {
                                    "key": "cache-control",
                                    "value": "no-cache, private"
                                },
                                {
                                    "key": "content-type",
                                    "value": "application\/json"
                                },
                                {
                                    "key": "x-ratelimit-limit",
                                    "value": "60"
                                },
                                {
                                    "key": "x-ratelimit-remaining",
                                    "value": "48"
                                },
                                {
                                    "key": "access-control-allow-origin",
                                    "value": "*"
                                }
                            ],
                            "code": 200,
                            "body": "[]",
                            "name": ""
                        }
                    ]
                },
                {
                    "name": "POST api\/categories",
                    "request": {
                        "url": {
                            "host": "{{baseUrl}}",
                            "path": "api\/categories",
                            "query": [],
                            "raw": "{{baseUrl}}\/api\/categories"
                        },
                        "method": "POST",
                        "header": [
                            {
                                "key": "Content-Type",
                                "value": "application\/json"
                            },
                            {
                                "key": "Accept",
                                "value": "application\/json"
                            }
                        ],
                        "body": null,
                        "description": "",
                        "auth": {
                            "type": "noauth"
                        }
                    },
                    "response": []
                },
                {
                    "name": "PUT api\/categories\/{id}",
                    "request": {
                        "url": {
                            "host": "{{baseUrl}}",
                            "path": "api\/categories\/:id",
                            "query": [],
                            "raw": "{{baseUrl}}\/api\/categories\/:id",
                            "variable": [
                                {
                                    "id": "id",
                                    "key": "id",
                                    "value": "17",
                                    "description": "The ID of the category."
                                }
                            ]
                        },
                        "method": "PUT",
                        "header": [
                            {
                                "key": "Content-Type",
                                "value": "application\/json"
                            },
                            {
                                "key": "Accept",
                                "value": "application\/json"
                            }
                        ],
                        "body": null,
                        "description": "",
                        "auth": {
                            "type": "noauth"
                        }
                    },
                    "response": []
                },
                {
                    "name": "DELETE api\/categories\/{id}",
                    "request": {
                        "url": {
                            "host": "{{baseUrl}}",
                            "path": "api\/categories\/:id",
                            "query": [],
                            "raw": "{{baseUrl}}\/api\/categories\/:id",
                            "variable": [
                                {
                                    "id": "id",
                                    "key": "id",
                                    "value": "17",
                                    "description": "The ID of the category."
                                }
                            ]
                        },
                        "method": "DELETE",
                        "header": [
                            {
                                "key": "Content-Type",
                                "value": "application\/json"
                            },
                            {
                                "key": "Accept",
                                "value": "application\/json"
                            }
                        ],
                        "body": null,
                        "description": "",
                        "auth": {
                            "type": "noauth"
                        }
                    },
                    "response": []
                },
                {
                    "name": "POST api\/foods",
                    "request": {
                        "url": {
                            "host": "{{baseUrl}}",
                            "path": "api\/foods",
                            "query": [],
                            "raw": "{{baseUrl}}\/api\/foods"
                        },
                        "method": "POST",
                        "header": [
                            {
                                "key": "Content-Type",
                                "value": "application\/json"
                            },
                            {
                                "key": "Accept",
                                "value": "application\/json"
                            }
                        ],
                        "body": null,
                        "description": "",
                        "auth": {
                            "type": "noauth"
                        }
                    },
                    "response": []
                },
                {
                    "name": "GET api\/reports\/orders",
                    "request": {
                        "url": {
                            "host": "{{baseUrl}}",
                            "path": "api\/reports\/orders",
                            "query": [],
                            "raw": "{{baseUrl}}\/api\/reports\/orders"
                        },
                        "method": "GET",
                        "header": [
                            {
                                "key": "Content-Type",
                                "value": "application\/json"
                            },
                            {
                                "key": "Accept",
                                "value": "application\/json"
                            }
                        ],
                        "body": null,
                        "description": "",
                        "auth": {
                            "type": "noauth"
                        }
                    },
                    "response": [
                        {
                            "header": [
                                {
                                    "key": "cache-control",
                                    "value": "no-cache, private"
                                },
                                {
                                    "key": "content-type",
                                    "value": "application\/json"
                                },
                                {
                                    "key": "x-ratelimit-limit",
                                    "value": "60"
                                },
                                {
                                    "key": "x-ratelimit-remaining",
                                    "value": "47"
                                },
                                {
                                    "key": "access-control-allow-origin",
                                    "value": "*"
                                }
                            ],
                            "code": 200,
                            "body": "[]",
                            "name": ""
                        }
                    ]
                },
                {
                    "name": "GET api\/reports\/payments",
                    "request": {
                        "url": {
                            "host": "{{baseUrl}}",
                            "path": "api\/reports\/payments",
                            "query": [],
                            "raw": "{{baseUrl}}\/api\/reports\/payments"
                        },
                        "method": "GET",
                        "header": [
                            {
                                "key": "Content-Type",
                                "value": "application\/json"
                            },
                            {
                                "key": "Accept",
                                "value": "application\/json"
                            }
                        ],
                        "body": null,
                        "description": "",
                        "auth": {
                            "type": "noauth"
                        }
                    },
                    "response": [
                        {
                            "header": [
                                {
                                    "key": "cache-control",
                                    "value": "no-cache, private"
                                },
                                {
                                    "key": "content-type",
                                    "value": "application\/json"
                                },
                                {
                                    "key": "x-ratelimit-limit",
                                    "value": "60"
                                },
                                {
                                    "key": "x-ratelimit-remaining",
                                    "value": "46"
                                },
                                {
                                    "key": "access-control-allow-origin",
                                    "value": "*"
                                }
                            ],
                            "code": 500,
                            "body": "{\n    \"message\": \"Server Error\"\n}",
                            "name": ""
                        }
                    ]
                }
            ]
        }
    ],
    "auth": {
        "type": "noauth"
    }
}